episode,reward
99,3.5
100,3.61
101,3.77
102,3.79
103,3.88
104,3.98
105,4.05
106,4.07
107,4.13
108,4.23
109,4.37
110,4.42
111,4.48
112,4.54
113,4.61
114,4.68
115,4.76
116,4.88
117,4.94
118,4.98
119,5.09
120,5.13
121,5.2
122,5.28
123,5.37
124,5.45
125,5.52
126,5.56
127,5.64
128,5.74
129,5.88
130,5.9
131,5.96
132,6.04
133,6.08
134,6.17
135,6.25
136,6.38
137,6.41
138,6.42
139,6.47
140,6.55
141,6.53
142,6.61
143,6.7
144,6.79
145,6.85
146,6.93
147,7.03
148,7.07
149,7.15
150,7.25
151,7.29
152,7.38
153,7.37
154,7.46
155,7.6
156,7.63
157,7.7
158,7.75
159,7.87
160,7.89
161,7.94
162,8.03
163,8.1
164,8.18
165,8.23
166,8.29
167,8.39
168,8.4
169,8.47
170,8.47
171,8.48
172,8.52
173,8.54
174,8.6
175,8.62
176,8.63
177,8.72
178,8.72
179,8.82
180,8.91
181,8.98
182,9.0
183,9.12
184,9.17
185,9.23
186,9.29
187,9.36
188,9.43
189,9.43
190,9.53
191,9.61
192,9.67
193,9.77
194,9.8
195,9.81
196,9.87
197,9.86
198,9.85
199,9.88
200,9.8
201,9.77
202,9.84
203,9.87
204,9.91
205,9.94
206,9.94
207,9.97
208,9.96
209,10.01
210,10.08
211,10.12
212,10.15
213,10.2
214,10.17
215,10.18
216,10.17
217,10.21
218,10.25
219,10.26
220,10.32
221,10.4
222,10.46
223,10.42
224,10.48
225,10.43
226,10.54
227,10.56
228,10.56
229,10.5
230,10.57
231,10.5
232,10.59
233,10.68
234,10.72
235,10.7
236,10.66
237,10.68
238,10.81
239,10.83
240,10.85
241,10.88
242,10.89
243,11.0
244,11.01
245,11.02
246,11.0
247,11.02
248,11.01
249,11.04
250,11.03
251,11.1
252,11.13
253,11.16
254,11.18
255,11.17
256,11.23
257,11.27
258,11.35
259,11.36
260,11.3
261,11.3
262,11.3
263,11.35
264,11.35
265,11.45
266,11.46
267,11.47
268,11.47
269,11.42
270,11.5
271,11.59
272,11.69
273,11.77
274,11.81
275,11.87
276,11.9
277,11.86
278,11.96
279,11.91
280,11.98
281,11.98
282,12.01
283,11.98
284,12.07
285,12.08
286,12.1
287,12.17
288,12.25
289,12.24
290,12.3
291,12.3
292,12.33
293,12.21
294,12.31
295,12.36
296,12.32
297,12.38
298,12.45
299,12.51
300,12.62
301,12.62
302,12.62
303,12.65
304,12.61
305,12.65
306,12.76
307,12.83
308,12.89
309,12.86
310,12.9
311,12.94
312,12.97
313,13.01
314,13.11
315,13.22
316,13.25
317,13.33
318,13.4
319,13.46
320,13.49
321,13.52
322,13.56
323,13.62
324,13.56
325,13.68
326,13.6
327,13.57
328,13.64
329,13.65
330,13.63
331,13.75
332,13.72
333,13.63
334,13.67
335,13.66
336,13.66
337,13.62
338,13.59
339,13.68
340,13.7
341,13.71
342,13.72
343,13.7
344,13.67
345,13.69
346,13.67
347,13.64
348,13.75
349,13.6
350,13.71
351,13.71
352,13.75
353,13.73
354,13.76
355,13.78
356,13.79
357,13.79
358,13.76
359,13.76
360,13.87
361,13.87
362,13.9
363,13.81
364,13.76
365,13.72
366,13.81
367,13.71
368,13.75
369,13.82
370,13.7
371,13.73
372,13.63
373,13.62
374,13.58
375,13.6
376,13.65
377,13.73
378,13.69
379,13.72
380,13.66
381,13.72
382,13.73
383,13.73
384,13.7
385,13.67
386,13.64
387,13.62
388,13.63
389,13.67
390,13.65
391,13.67
392,13.59
393,13.68
394,13.69
395,13.78
396,13.81
397,13.86
398,13.85
399,13.83
400,13.8
401,13.84
402,13.81
403,13.81
404,13.86
405,13.8
406,13.8
407,13.75
408,13.63
409,13.51
410,13.51
411,13.38
412,13.42
413,13.38
414,13.41
415,13.37
416,13.44
417,13.41
418,13.37
419,13.34
420,13.33
421,13.29
422,13.2
423,13.2
424,13.27
425,13.26
426,13.41
427,13.46
428,13.38
429,13.44
430,13.47
431,13.51
432,13.55
433,13.62
434,13.59
435,13.76
436,13.78
437,13.88
438,13.89
439,13.88
440,13.89
441,13.87
442,13.92
443,13.8
444,13.81
445,13.85
446,13.85
447,13.9
448,13.82
449,13.93
450,13.84
451,13.88
452,13.82
453,13.9
454,13.89
455,13.86
456,13.86
457,13.8
458,13.82
459,13.87
460,13.93
461,13.98
462,13.94
463,13.98
464,14.08
465,14.1
466,14.08
467,14.2
468,14.21
469,14.23
470,14.28
471,14.29
472,14.31
473,14.34
474,14.43
475,14.4
476,14.33
477,14.27
478,14.24
479,14.14
480,14.23
481,14.14
482,14.16
483,14.19
484,14.13
485,14.24
486,14.27
487,14.29
488,14.22
489,14.24
490,14.16
491,14.11
492,14.19
493,14.11
494,14.1
495,14.04
496,14.09
497,14.11
498,14.17
499,14.16
500,14.1
501,14.11
502,14.19
503,14.22
504,14.33
505,14.32
506,14.31
507,14.32
508,14.46
509,14.63
510,14.63
511,14.78
512,14.78
513,14.85
514,14.8
515,14.73
516,14.75
517,14.67
518,14.71
519,14.7
520,14.74
521,14.72
522,14.77
523,14.78
524,14.72
525,14.78
526,14.78
527,14.88
528,14.97
529,14.97
530,14.92
531,14.86
532,14.86
533,14.89
534,14.91
535,14.88
536,14.86
537,14.88
538,14.94
539,14.95
540,14.88
541,14.99
542,14.93
543,15.01
544,15.02
545,15.02
546,15.07
547,15.14
548,15.19
549,15.26
550,15.28
551,15.3
552,15.35
553,15.36
554,15.33
555,15.32
556,15.28
557,15.34
558,15.33
559,15.24
560,15.13
561,15.09
562,15.08
563,15.14
564,15.08
565,15.05
566,15.07
567,15.06
568,15.13
569,15.18
570,15.21
571,15.11
572,15.23
573,15.22
574,15.19
575,15.24
576,15.33
577,15.42
578,15.5
579,15.58
580,15.55
581,15.62
582,15.61
583,15.62
584,15.66
585,15.67
586,15.69
587,15.72
588,15.72
589,15.74
590,15.67
591,15.73
592,15.73
593,15.71
594,15.67
595,15.66
596,15.64
597,15.62
598,15.64
599,15.72
600,15.83
601,15.79
602,15.75
603,15.71
604,15.61
605,15.71
606,15.7
607,15.73
608,15.68
609,15.63
610,15.51
611,15.51
612,15.57
613,15.54
614,15.58
615,15.67
616,15.58
617,15.61
618,15.64
619,15.67
620,15.7
621,15.74
622,15.77
623,15.81
624,15.89
625,15.87
626,15.82
627,15.8
628,15.73
629,15.7
630,15.76
631,15.79
632,15.77
633,15.83
634,15.75
635,15.59
636,15.6
637,15.59
638,15.51
639,15.49
640,15.65
641,15.63
642,15.66
643,15.67
644,15.77
645,15.76
646,15.88
647,15.82
648,15.85
649,15.86
650,15.86
651,15.8
652,15.79
653,15.75
654,15.73
655,15.78
656,15.83
657,15.7
658,15.65
659,15.68
660,15.69
661,15.77
662,15.81
663,15.76
664,15.83
665,15.85
666,15.8
667,15.8
668,15.76
669,15.72
670,15.77
671,15.9
672,15.86
673,15.84
674,15.88
675,15.81
676,15.78
677,15.83
678,15.81
679,15.81
680,15.79
681,15.78
682,15.77
683,15.77
684,15.71
685,15.67
686,15.69
687,15.61
688,15.63
689,15.55
690,15.7
691,15.65
692,15.64
693,15.8
694,15.8
695,15.79
696,15.72
697,15.77
698,15.71
699,15.7
700,15.71
701,15.68
702,15.68
703,15.58
704,15.61
705,15.61
706,15.68
707,15.71
708,15.81
709,15.81
710,15.91
711,15.93
712,15.79
713,15.81
714,15.83
715,15.82
716,15.9
717,15.99
718,15.95
719,15.96
720,15.9
721,15.91
722,15.9
723,15.9
724,15.9
725,15.82
726,15.77
727,15.7
728,15.81
729,15.82
730,15.82
731,15.74
732,15.76
733,15.7
734,15.88
735,15.87
736,15.89
737,15.91
738,15.92
739,15.93
740,15.84
741,15.87
742,15.88
743,15.87
744,15.83
745,15.85
746,15.8
747,15.8
748,15.72
749,15.69
750,15.69
751,15.69
752,15.67
753,15.73
754,15.81
755,15.82
756,15.82
757,15.96
758,15.88
759,15.84
760,15.88
761,15.88
762,15.93
763,15.98
764,16.01
765,16.05
766,16.07
767,16.06
768,16.03
769,16.05
770,16.01
771,15.96
772,15.95
773,16.01
774,15.99
775,16.03
776,16.07
777,15.95
778,15.95
779,15.94
780,15.92
781,15.94
782,16.03
783,15.97
784,16.07
785,16.04
786,16.01
787,16.03
788,16.02
789,16.08
790,16.07
791,16.07
792,16.12
793,16.11
794,16.17
795,16.24
796,16.26
797,16.15
798,16.2
799,16.23
800,16.27
801,16.31
802,16.35
803,16.46
804,16.44
805,16.37
806,16.36
807,16.37
808,16.29
809,16.35
810,16.4
811,16.38
812,16.47
813,16.51
814,16.47
815,16.42
816,16.33
817,16.32
818,16.24
819,16.12
820,16.07
821,15.99
822,15.97
823,16.0
824,16.0
825,16.08
826,16.11
827,16.12
828,16.06
829,16.09
830,16.16
831,16.26
832,16.23
833,16.23
834,16.13
835,16.3
836,16.29
837,16.3
838,16.36
839,16.33
840,16.37
841,16.39
842,16.4
843,16.42
844,16.42
845,16.43
846,16.45
847,16.47
848,16.55
849,16.55
850,16.59
851,16.62
852,16.7
853,16.62
854,16.54
855,16.52
856,16.59
857,16.49
858,16.6
859,16.6
860,16.67
861,16.63
862,16.59
863,16.63
864,16.58
865,16.54
866,16.5
867,16.53
868,16.51
869,16.57
870,16.58
871,16.6
872,16.63
873,16.59
874,16.57
875,16.53
876,16.47
877,16.49
878,16.47
879,16.48
880,16.53
881,16.5
882,16.42
883,16.46
884,16.4
885,16.41
886,16.45
887,16.48
888,16.36
889,16.35
890,16.35
891,16.37
892,16.33
893,16.33
894,16.23
895,16.19
896,16.24
897,16.31
898,16.28
899,16.21
900,16.23
901,16.31
902,16.32
903,16.37
904,16.41
905,16.5
906,16.5
907,16.45
908,16.41
909,16.35
910,16.29
911,16.3
912,16.3
913,16.25
914,16.28
915,16.18
916,16.28
917,16.28
918,16.46
919,16.57
920,16.59
921,16.64
922,16.62
923,16.58
924,16.49
925,16.47
926,16.5
927,16.51
928,16.46
929,16.43
930,16.41
931,16.41
932,16.44
933,16.41
934,16.45
935,16.28
936,16.35
937,16.19
938,16.17
939,16.17
940,16.15
941,16.13
942,16.2
943,16.18
944,16.13
945,16.12
946,16.04
947,16.01
948,15.96
949,15.94
950,15.88
951,15.94
952,15.78
953,15.81
954,15.84
955,15.86
956,15.83
957,15.95
958,15.93
959,15.98
960,15.94
961,15.93
962,15.96
963,16.04
964,16.1
965,16.13
966,16.2
967,16.15
968,16.15
969,16.1
970,16.09
971,16.09
972,16.1
973,16.13
974,16.19
975,16.25
976,16.24
977,16.25
978,16.31
979,16.36
980,16.33
981,16.41
982,16.47
983,16.46
984,16.49
985,16.55
986,16.57
987,16.54
988,16.69
989,16.7
990,16.75
991,16.71
992,16.82
993,16.8
994,16.77
995,16.74
996,16.82
997,16.82
998,16.85
999,16.85
1000,16.8
1001,16.74
1002,16.72
1003,16.7
1004,16.6
1005,16.52
1006,16.5
1007,16.47
1008,16.55
1009,16.5
1010,16.53
1011,16.54
1012,16.52
1013,16.55
1014,16.58
1015,16.68
1016,16.62
1017,16.64
1018,16.6
1019,16.58
1020,16.59
1021,16.54
1022,16.57
1023,16.56
1024,16.57
1025,16.56
1026,16.54
1027,16.54
1028,16.61
1029,16.61
1030,16.61
1031,16.62
1032,16.58
1033,16.62
1034,16.58
1035,16.71
1036,16.66
1037,16.81
1038,16.82
1039,16.88
1040,16.9
1041,16.88
1042,16.83
1043,16.81
1044,16.82
1045,16.66
1046,16.72
1047,16.75
1048,16.79
1049,16.8
1050,16.79
1051,16.78
1052,16.79
1053,16.78
1054,16.81
1055,16.78
1056,16.68
1057,16.6
1058,16.62
1059,16.49
1060,16.47
1061,16.52
1062,16.51
1063,16.46
1064,16.35
1065,16.37
1066,16.4
1067,16.45
1068,16.53
1069,16.46
1070,16.45
1071,16.44
1072,16.35
1073,16.25
1074,16.16
1075,16.1
1076,16.12
1077,16.12
1078,16.08
1079,16.07
1080,16.12
1081,16.09
1082,16.06
1083,16.05
1084,16.01
1085,15.88
1086,15.89
1087,15.95
1088,16.0
1089,16.0
1090,15.98
1091,16.07
1092,15.95
1093,15.98
1094,16.02
1095,16.06
1096,15.91
1097,15.94
1098,15.85
1099,15.85
1100,15.9
1101,15.92
1102,15.93
1103,15.95
1104,16.06
1105,16.13
1106,16.1
1107,16.12
1108,16.12
1109,16.13
1110,16.14
1111,16.1
1112,16.09
1113,16.08
1114,16.07
1115,16.03
1116,16.09
1117,16.04
1118,15.96
1119,15.98
1120,16.01
1121,16.07
1122,16.1
1123,16.15
1124,16.2
1125,16.11
1126,16.09
1127,16.08
1128,16.15
1129,16.2
1130,16.18
1131,16.19
1132,16.2
1133,16.2
1134,16.26
1135,16.33
1136,16.35
1137,16.33
1138,16.3
1139,16.31
1140,16.27
1141,16.24
1142,16.21
1143,16.26
1144,16.3
1145,16.51
1146,16.47
1147,16.48
1148,16.47
1149,16.51
1150,16.59
1151,16.55
1152,16.67
1153,16.68
1154,16.71
1155,16.77
1156,16.82
1157,16.93
1158,16.95
1159,17.08
1160,17.04
1161,17.03
1162,16.99
1163,16.92
1164,17.0
1165,17.01
1166,16.96
1167,16.94
1168,16.96
1169,17.05
1170,17.09
1171,17.15
1172,17.2
1173,17.26
1174,17.29
1175,17.3
1176,17.31
1177,17.2
1178,17.22
1179,17.26
1180,17.27
1181,17.21
1182,17.18
1183,17.18
1184,17.21
1185,17.27
1186,17.26
1187,17.24
1188,17.13
1189,17.21
1190,17.17
1191,17.12
1192,17.08
1193,17.11
1194,17.13
1195,17.11
1196,17.19
1197,17.11
1198,17.14
1199,17.17
1200,17.08
1201,17.08
1202,17.04
1203,17.06
1204,17.04
1205,17.01
1206,16.99
1207,16.99
1208,17.02
1209,17.04
1210,17.01
1211,17.05
1212,17.06
1213,17.05
1214,17.01
1215,17.08
1216,17.0
1217,16.99
1218,16.99
1219,16.98
1220,16.88
1221,16.85
1222,16.74
1223,16.79
1224,16.8
1225,16.93
1226,16.97
1227,17.02
1228,16.93
1229,16.9
1230,16.93
1231,16.78
1232,16.84
1233,16.77
1234,16.72
1235,16.61
1236,16.56
1237,16.58
1238,16.54
1239,16.58
1240,16.62
1241,16.65
1242,16.63
1243,16.64
1244,16.55
1245,16.51
1246,16.55
1247,16.52
1248,16.5
1249,16.46
1250,16.37
1251,16.39
1252,16.39
1253,16.33
1254,16.32
1255,16.29
1256,16.31
1257,16.29
1258,16.26
1259,16.21
1260,16.26
1261,16.31
1262,16.33
1263,16.32
1264,16.31
1265,16.21
1266,16.25
1267,16.22
1268,16.12
1269,16.1
1270,16.07
1271,16.02
1272,16.02
1273,16.05
1274,16.07
1275,16.11
1276,16.11
1277,16.21
1278,16.21
1279,16.17
1280,16.1
1281,16.12
1282,16.17
1283,16.2
1284,16.2
1285,16.27
1286,16.21
1287,16.24
1288,16.29
1289,16.25
1290,16.27
1291,16.27
1292,16.36
1293,16.3
1294,16.32
1295,16.31
1296,16.37
1297,16.48
1298,16.47
1299,16.41
1300,16.47
1301,16.46
1302,16.57
1303,16.47
1304,16.39
1305,16.38
1306,16.41
1307,16.48
1308,16.48
1309,16.55
1310,16.57
1311,16.54
1312,16.54
1313,16.53
1314,16.55
1315,16.51
1316,16.54
1317,16.5
1318,16.51
1319,16.54
1320,16.59
1321,16.58
1322,16.7
1323,16.68
1324,16.61
1325,16.55
1326,16.53
1327,16.5
1328,16.52
1329,16.53
1330,16.44
1331,16.57
1332,16.5
1333,16.56
1334,16.6
1335,16.64
1336,16.75
1337,16.68
1338,16.65
1339,16.55
1340,16.49
1341,16.45
1342,16.46
1343,16.43
1344,16.5
1345,16.47
1346,16.46
1347,16.42
1348,16.45
1349,16.47
1350,16.5
1351,16.53
1352,16.45
1353,16.43
1354,16.36
1355,16.37
1356,16.31
1357,16.25
1358,16.33
1359,16.33
1360,16.29
1361,16.2
1362,16.24
1363,16.29
1364,16.25
1365,16.32
1366,16.28
1367,16.24
1368,16.22
1369,16.23
1370,16.21
1371,16.15
1372,16.11
1373,16.13
1374,16.15
1375,16.1
1376,16.11
1377,16.15
1378,16.14
1379,16.13
1380,16.2
1381,16.23
1382,16.22
1383,16.24
1384,16.25
1385,16.2
1386,16.21
1387,16.18
1388,16.2
1389,16.17
1390,16.11
1391,16.12
1392,16.11
1393,16.12
1394,16.11
1395,16.08
1396,15.92
1397,15.86
1398,15.84
1399,15.83
1400,15.83
1401,15.78
1402,15.72
1403,15.77
1404,15.81
1405,15.84
1406,15.85
1407,15.82
1408,15.8
1409,15.77
1410,15.69
1411,15.68
1412,15.71
1413,15.69
1414,15.7
1415,15.68
1416,15.68
1417,15.67
1418,15.72
1419,15.74
1420,15.83
1421,15.78
1422,15.75
1423,15.67
1424,15.78
1425,15.83
1426,15.85
1427,15.86
1428,15.85
1429,15.9
1430,15.91
1431,15.88
1432,15.91
1433,15.92
1434,15.83
1435,15.84
1436,15.77
1437,15.83
1438,15.92
1439,15.97
1440,15.99
1441,16.06
1442,16.05
1443,16.05
1444,16.1
1445,16.12
1446,16.15
1447,16.21
1448,16.12
1449,16.13
1450,16.14
1451,16.06
1452,16.07
1453,16.15
1454,16.07
1455,16.05
1456,16.13
1457,16.17
1458,16.11
1459,16.15
1460,16.13
1461,16.14
1462,16.13
1463,16.1
1464,16.15
1465,16.09
1466,16.1
1467,16.19
1468,16.28
1469,16.32
1470,16.32
1471,16.43
1472,16.49
1473,16.44
1474,16.43
1475,16.45
1476,16.54
1477,16.58
1478,16.57
1479,16.58
1480,16.58
1481,16.55
1482,16.52
1483,16.48
1484,16.44
1485,16.43
1486,16.43
1487,16.33
1488,16.34
1489,16.35
1490,16.4
1491,16.32
1492,16.28
1493,16.25
1494,16.28
1495,16.31
1496,16.48
1497,16.47
1498,16.47
1499,16.51
1500,16.54
1501,16.58
1502,16.44
1503,16.42
1504,16.43
1505,16.43
1506,16.4
1507,16.41
1508,16.41
1509,16.38
1510,16.41
1511,16.41
1512,16.38
1513,16.4
1514,16.41
1515,16.49
1516,16.49
1517,16.49
1518,16.46
1519,16.41
1520,16.42
1521,16.5
1522,16.52
1523,16.56
1524,16.55
1525,16.61
1526,16.6
1527,16.55
1528,16.56
1529,16.5
1530,16.51
1531,16.52
1532,16.42
1533,16.43
1534,16.53
1535,16.56
1536,16.51
1537,16.5
1538,16.4
1539,16.37
1540,16.37
1541,16.32
1542,16.35
1543,16.28
1544,16.24
1545,16.23
1546,16.22
1547,16.26
1548,16.32
1549,16.31
1550,16.36
1551,16.36
1552,16.36
1553,16.34
1554,16.42
1555,16.43
1556,16.37
1557,16.38
1558,16.39
1559,16.46
1560,16.5
1561,16.49
1562,16.43
1563,16.47
1564,16.45
1565,16.58
1566,16.55
1567,16.48
1568,16.43
1569,16.36
1570,16.36
1571,16.36
1572,16.34
1573,16.34
1574,16.33
1575,16.39
1576,16.29
1577,16.23
1578,16.32
1579,16.35
1580,16.25
1581,16.27
1582,16.29
1583,16.33
1584,16.35
1585,16.38
1586,16.45
1587,16.5
1588,16.38
1589,16.34
1590,16.32
1591,16.47
1592,16.52
1593,16.52
1594,16.51
1595,16.53
1596,16.43
1597,16.44
1598,16.48
1599,16.45
1600,16.37
1601,16.45
1602,16.53
1603,16.5
1604,16.51
1605,16.53
1606,16.53
1607,16.57
1608,16.57
1609,16.63
1610,16.65
1611,16.67
1612,16.66
1613,16.66
1614,16.62
1615,16.62
1616,16.66
1617,16.73
1618,16.75
1619,16.79
1620,16.82
1621,16.77
1622,16.76
1623,16.77
1624,16.77
1625,16.72
1626,16.76
1627,16.78
1628,16.79
1629,16.8
1630,16.77
1631,16.81
1632,16.89
1633,16.89
1634,16.86
1635,16.81
1636,16.84
1637,16.77
1638,16.87
1639,16.92
1640,16.99
1641,16.98
1642,17.01
1643,17.12
1644,17.14
1645,17.15
1646,17.14
1647,17.05
1648,17.12
1649,17.15
1650,17.14
1651,17.18
1652,17.22
1653,17.32
1654,17.35
1655,17.34
1656,17.38
1657,17.29
1658,17.35
1659,17.33
1660,17.17
1661,17.23
1662,17.21
1663,17.19
1664,17.21
1665,17.14
1666,17.17
1667,17.26
1668,17.28
1669,17.31
1670,17.32
1671,17.29
1672,17.27
1673,17.19
1674,17.16
1675,17.12
1676,17.16
1677,17.23
1678,17.07
1679,17.03
1680,17.13
1681,17.11
1682,17.06
1683,17.07
1684,17.07
1685,17.05
1686,16.93
1687,17.02
1688,17.12
1689,17.13
1690,17.17
1691,17.05
1692,17.05
1693,17.1
1694,17.08
1695,17.08
1696,17.12
1697,17.12
1698,17.18
1699,17.23
1700,17.24
1701,17.18
1702,17.23
1703,17.34
1704,17.29
1705,17.29
1706,17.29
1707,17.21
1708,17.25
1709,17.22
1710,17.24
1711,17.27
1712,17.27
1713,17.26
1714,17.28
1715,17.23
1716,17.18
1717,17.18
1718,17.2
1719,17.2
1720,17.17
1721,17.22
1722,17.2
1723,17.17
1724,17.16
1725,17.15
1726,17.16
1727,17.19
1728,17.18
1729,17.23
1730,17.28
1731,17.27
1732,17.29
1733,17.32
1734,17.32
1735,17.31
1736,17.35
1737,17.39
1738,17.33
1739,17.32
1740,17.23
1741,17.27
1742,17.22
1743,17.15
1744,17.14
1745,17.11
1746,17.06
1747,17.16
1748,17.1
1749,17.05
1750,17.0
1751,16.99
1752,16.94
1753,16.88
1754,16.85
1755,16.78
1756,16.75
1757,16.77
1758,16.74
1759,16.62
1760,16.81
1761,16.78
1762,16.83
1763,16.8
1764,16.66
1765,16.53
1766,16.54
1767,16.5
1768,16.5
1769,16.39
1770,16.44
1771,16.41
1772,16.49
1773,16.55
1774,16.57
1775,16.55
1776,16.54
1777,16.45
1778,16.45
1779,16.48
1780,16.46
1781,16.46
1782,16.4
1783,16.37
1784,16.36
1785,16.34
1786,16.41
1787,16.35
1788,16.34
1789,16.31
1790,16.26
1791,16.34
1792,16.22
1793,16.19
1794,16.19
1795,16.13
1796,16.13
1797,16.15
1798,16.09
1799,16.04
1800,16.02
1801,16.01
1802,16.03
1803,16.01
1804,16.03
1805,15.98
1806,15.94
1807,15.94
1808,15.94
1809,15.93
1810,15.88
1811,15.87
1812,15.91
1813,15.92
1814,15.96
1815,15.9
1816,15.89
1817,15.9
1818,15.87
1819,15.87
1820,15.83
1821,15.86
1822,15.87
1823,15.88
1824,15.84
1825,15.85
1826,15.7
1827,15.64
1828,15.61
1829,15.56
1830,15.62
1831,15.46
1832,15.49
1833,15.43
1834,15.38
1835,15.36
1836,15.37
1837,15.38
1838,15.48
1839,15.49
1840,15.5
1841,15.54
1842,15.55
1843,15.55
1844,15.56
1845,15.6
1846,15.55
1847,15.49
1848,15.51
1849,15.46
1850,15.43
1851,15.43
1852,15.49
1853,15.54
1854,15.61
1855,15.62
1856,15.71
1857,15.63
1858,15.62
1859,15.71
1860,15.68
1861,15.67
1862,15.67
1863,15.69
1864,15.74
1865,15.82
1866,15.79
1867,15.81
1868,15.84
1869,15.94
1870,15.86
1871,15.89
1872,15.86
1873,15.86
1874,15.9
1875,15.88
1876,15.86
1877,15.88
1878,16.04
1879,16.04
1880,15.99
1881,16.04
1882,16.17
1883,16.19
1884,16.19
1885,16.25
1886,16.26
1887,16.29
1888,16.32
1889,16.31
1890,16.37
1891,16.39
1892,16.46
1893,16.46
1894,16.44
1895,16.46
1896,16.47
1897,16.46
1898,16.47
1899,16.52
1900,16.54
1901,16.56
1902,16.52
1903,16.53
1904,16.55
1905,16.58
1906,16.64
1907,16.74
1908,16.71
1909,16.78
1910,16.87
1911,16.86
1912,16.84
1913,16.86
1914,16.83
1915,16.93
1916,16.97
1917,16.96
1918,16.96
1919,16.95
1920,16.92
1921,16.85
1922,16.88
1923,16.95
1924,16.94
1925,16.93
1926,17.0
1927,17.03
1928,17.12
1929,17.15
1930,17.09
1931,17.18
1932,17.13
1933,17.15
1934,17.19
1935,17.27
1936,17.28
1937,17.31
1938,17.28
1939,17.23
1940,17.27
1941,17.26
1942,17.24
1943,17.29
1944,17.32
1945,17.32
1946,17.44
1947,17.31
1948,17.29
1949,17.37
1950,17.46
1951,17.44
1952,17.45
1953,17.42
1954,17.42
1955,17.44
1956,17.36
1957,17.36
1958,17.36
1959,17.36
1960,17.4
1961,17.41
1962,17.43
1963,17.46
1964,17.51
1965,17.54
1966,17.58
1967,17.48
1968,17.44
1969,17.31
1970,17.3
1971,17.3
1972,17.27
1973,17.31
1974,17.29
1975,17.31
1976,17.26
1977,17.23
1978,17.17
1979,17.15
1980,17.18
1981,17.11
1982,17.14
1983,17.02
1984,16.98
1985,16.95
1986,16.87
1987,16.89
1988,16.86
1989,16.92
1990,16.93
1991,16.9
1992,16.93
1993,16.94
1994,17.07
1995,17.07
1996,17.04
1997,17.04
1998,17.03
1999,16.98
2000,16.98
2001,16.96
2002,17.01
2003,16.95
2004,16.88
2005,16.87
2006,16.87
2007,16.82
2008,16.81
2009,16.76
2010,16.63
2011,16.61
2012,16.61
2013,16.58
2014,16.54
2015,16.5
2016,16.5
2017,16.51
2018,16.49
2019,16.46
2020,16.49
2021,16.49
2022,16.45
2023,16.34
2024,16.4
2025,16.36
2026,16.41
2027,16.43
2028,16.33
2029,16.35
2030,16.4
2031,16.49
2032,16.48
2033,16.46
2034,16.39
2035,16.32
2036,16.27
2037,16.2
2038,16.29
2039,16.33
2040,16.36
2041,16.37
2042,16.41
2043,16.47
2044,16.47
2045,16.42
2046,16.38
2047,16.46
2048,16.45
2049,16.52
2050,16.51
2051,16.57
2052,16.55
2053,16.52
2054,16.53
2055,16.54
2056,16.55
2057,16.67
2058,16.66
2059,16.73
2060,16.71
2061,16.69
2062,16.63
2063,16.65
2064,16.64
2065,16.55
2066,16.51
2067,16.64
2068,16.63
2069,16.71
2070,16.74
2071,16.78
2072,16.8
2073,16.81
2074,16.81
2075,16.86
2076,16.86
2077,16.91
2078,16.93
2079,16.98
2080,17.03
2081,17.04
2082,17.06
2083,17.15
2084,17.25
2085,17.3
2086,17.38
2087,17.33
2088,17.3
2089,17.29
2090,17.22
2091,17.21
2092,17.23
2093,17.24
2094,17.12
2095,17.13
2096,17.19
2097,17.24
2098,17.21
2099,17.24
2100,17.24
2101,17.24
2102,17.12
2103,17.13
2104,17.2
2105,17.18
2106,17.2
2107,17.18
2108,17.13
2109,17.05
2110,17.13
2111,17.12
2112,17.07
2113,17.04
2114,17.08
2115,17.11
2116,17.08
2117,16.97
2118,16.96
2119,16.94
2120,16.88
2121,16.87
2122,16.83
2123,16.79
2124,16.85
2125,16.86
2126,16.83
2127,16.79
2128,16.78
2129,16.74
2130,16.73
2131,16.68
2132,16.71
2133,16.74
2134,16.86
2135,16.88
2136,16.85
2137,16.95
2138,16.86
2139,16.81
2140,16.77
2141,16.71
2142,16.73
2143,16.65
2144,16.61
2145,16.6
2146,16.58
2147,16.56
2148,16.54
2149,16.39
2150,16.36
2151,16.31
2152,16.31
2153,16.32
2154,16.32
2155,16.32
2156,16.25
2157,16.27
2158,16.28
2159,16.22
2160,16.22
2161,16.19
2162,16.24
2163,16.2
2164,16.26
2165,16.37
2166,16.43
2167,16.4
2168,16.4
2169,16.4
2170,16.45
2171,16.43
2172,16.43
2173,16.35
2174,16.34
2175,16.3
2176,16.33
2177,16.29
2178,16.25
2179,16.15
2180,16.04
2181,16.13
2182,15.99
2183,15.95
2184,15.85
2185,15.8
2186,15.74
2187,15.66
2188,15.69
2189,15.72
2190,15.71
2191,15.58
2192,15.54
2193,15.52
2194,15.49
2195,15.58
2196,15.5
2197,15.44
2198,15.47
2199,15.44
2200,15.43
2201,15.4
2202,15.49
2203,15.51
2204,15.51
2205,15.54
2206,15.53
2207,15.53
2208,15.57
2209,15.58
2210,15.57
2211,15.57
2212,15.66
2213,15.67
2214,15.69
2215,15.68
2216,15.62
2217,15.68
2218,15.65
2219,15.66
2220,15.75
2221,15.77
2222,15.8
2223,15.88
2224,15.8
2225,15.79
2226,15.72
2227,15.78
2228,15.77
2229,15.67
2230,15.58
2231,15.61
2232,15.65
2233,15.65
2234,15.65
2235,15.62
2236,15.65
2237,15.61
2238,15.56
2239,15.59
2240,15.62
2241,15.63
2242,15.63
2243,15.74
2244,15.72
2245,15.76
2246,15.76
2247,15.68
2248,15.66
2249,15.74
2250,15.77
2251,15.78
2252,15.77
2253,15.76
2254,15.77
2255,15.76
2256,15.81
2257,15.82
2258,15.84
2259,15.76
2260,15.69
2261,15.76
2262,15.77
2263,15.71
2264,15.64
2265,15.6
2266,15.56
2267,15.44
2268,15.44
2269,15.43
2270,15.43
2271,15.43
2272,15.44
2273,15.45
2274,15.41
2275,15.39
2276,15.45
2277,15.47
2278,15.45
2279,15.51
2280,15.57
2281,15.54
2282,15.54
2283,15.61
2284,15.61
2285,15.61
2286,15.65
2287,15.72
2288,15.76
2289,15.76
2290,15.83
2291,15.94
2292,15.93
2293,15.97
2294,16.05
2295,15.96
2296,15.96
2297,15.96
2298,16.0
2299,16.07
2300,16.08
2301,16.15
2302,16.13
2303,16.14
2304,16.13
2305,16.13
2306,16.12
2307,16.16
2308,16.17
2309,16.22
2310,16.2
2311,16.18
2312,16.22
2313,16.29
2314,16.3
2315,16.31
2316,16.4
2317,16.34
2318,16.36
2319,16.35
2320,16.32
2321,16.34
2322,16.37
2323,16.34
2324,16.33
2325,16.38
2326,16.46
2327,16.41
2328,16.5
2329,16.55
2330,16.62
2331,16.54
2332,16.54
2333,16.55
2334,16.48
2335,16.49
2336,16.49
2337,16.52
2338,16.58
2339,16.57
2340,16.51
2341,16.56
2342,16.53
2343,16.39
2344,16.38
2345,16.38
2346,16.41
2347,16.58
2348,16.66
2349,16.63
2350,16.59
2351,16.6
2352,16.6
2353,16.66
2354,16.61
2355,16.62
2356,16.65
2357,16.6
2358,16.55
2359,16.64
2360,16.62
2361,16.59
2362,16.58
2363,16.64
2364,16.63
2365,16.65
2366,16.66
2367,16.83
2368,16.92
2369,16.97
2370,16.89
2371,16.86
2372,16.88
2373,16.94
2374,16.97
2375,17.01
2376,16.98
2377,16.99
2378,16.94
2379,16.99
2380,17.02
2381,17.0
2382,17.06
2383,17.07
2384,17.03
2385,16.99
2386,16.94
2387,16.87
2388,16.8
2389,16.78
2390,16.75
2391,16.63
2392,16.64
2393,16.6
2394,16.56
2395,16.62
2396,16.6
2397,16.64
2398,16.59
2399,16.57
2400,16.59
2401,16.55
2402,16.53
2403,16.54
2404,16.55
2405,16.58
2406,16.58
2407,16.56
2408,16.54
2409,16.59
2410,16.66
2411,16.69
2412,16.64
2413,16.57
2414,16.51
2415,16.52
2416,16.51
2417,16.54
2418,16.57
2419,16.58
2420,16.51
2421,16.41
2422,16.45
2423,16.46
2424,16.42
2425,16.41
2426,16.49
2427,16.45
2428,16.37
2429,16.44
2430,16.45
2431,16.56
2432,16.58
2433,16.52
2434,16.55
2435,16.58
2436,16.6
2437,16.61
2438,16.55
2439,16.57
2440,16.59
2441,16.56
2442,16.56
2443,16.61
2444,16.68
2445,16.71
2446,16.71
2447,16.67
2448,16.69
2449,16.74
2450,16.76
2451,16.75
2452,16.76
2453,16.74
2454,16.68
2455,16.72
2456,16.65
2457,16.71
2458,16.59
2459,16.56
2460,16.66
2461,16.64
2462,16.57
2463,16.56
2464,16.66
2465,16.67
2466,16.66
2467,16.63
2468,16.55
2469,16.56
2470,16.61
2471,16.67
2472,16.67
2473,16.65
2474,16.62
2475,16.59
2476,16.56
2477,16.55
2478,16.61
2479,16.58
2480,16.53
2481,16.54
2482,16.56
2483,16.53
2484,16.61
2485,16.67
2486,16.74
2487,16.83
2488,16.91
2489,16.93
2490,16.91
2491,17.04
2492,17.0
2493,17.03
2494,17.03
2495,16.97
2496,16.98
2497,16.96
2498,16.98
2499,17.02
2500,16.99
2501,16.97
2502,16.97
2503,16.94
2504,16.99
2505,16.94
2506,16.9
2507,16.9
2508,16.9
2509,16.81
2510,16.78
2511,16.79
2512,16.68
2513,16.68
2514,16.7
2515,16.71
2516,16.75
2517,16.83
2518,16.81
2519,16.86
2520,16.93
2521,17.02
2522,17.0
2523,17.06
2524,17.1
2525,17.1
2526,17.03
2527,17.06
2528,17.05
2529,16.97
2530,16.96
2531,16.94
2532,16.93
2533,16.95
2534,16.91
2535,16.91
2536,16.79
2537,16.75
2538,16.81
2539,16.77
2540,16.82
2541,16.84
2542,16.86
2543,16.89
2544,16.87
2545,16.85
2546,16.81
2547,16.82
2548,16.79
2549,16.77
2550,16.74
2551,16.74
2552,16.79
2553,16.81
2554,16.86
2555,16.87
2556,16.96
2557,16.84
2558,17.01
2559,16.94
2560,16.89
2561,16.87
2562,16.93
2563,16.93
2564,16.94
2565,16.89
2566,16.85
2567,16.81
2568,16.82
2569,16.78
2570,16.77
2571,16.7
2572,16.57
2573,16.5
2574,16.49
2575,16.56
2576,16.6
2577,16.64
2578,16.58
2579,16.56
2580,16.58
2581,16.61
2582,16.63
2583,16.63
2584,16.65
2585,16.58
2586,16.6
2587,16.6
2588,16.55
2589,16.48
2590,16.51
2591,16.5
2592,16.54
2593,16.52
2594,16.52
2595,16.61
2596,16.6
2597,16.61
2598,16.6
2599,16.52
2600,16.55
2601,16.57
2602,16.54
2603,16.57
2604,16.5
2605,16.55
2606,16.56
2607,16.51
2608,16.5
2609,16.57
2610,16.56
2611,16.58
2612,16.71
2613,16.76
2614,16.8
2615,16.75
2616,16.76
2617,16.67
2618,16.76
2619,16.75
2620,16.75
2621,16.78
2622,16.74
2623,16.68
2624,16.77
2625,16.77
2626,16.74
2627,16.81
2628,16.83
2629,16.88
2630,16.93
2631,16.91
2632,16.91
2633,16.91
2634,16.87
2635,16.92
2636,16.98
2637,16.97
2638,16.93
2639,16.92
2640,16.84
2641,16.84
2642,16.85
2643,16.78
2644,16.77
2645,16.8
2646,16.85
2647,16.85
2648,16.85
2649,16.89
2650,16.99
2651,17.01
2652,16.93
2653,16.92
2654,16.98
2655,16.95
2656,16.9
2657,17.02
2658,17.03
2659,17.09
2660,17.12
2661,17.16
2662,17.12
2663,17.11
2664,17.07
2665,17.09
2666,17.07
2667,17.03
2668,17.0
2669,16.98
2670,17.02
2671,17.11
2672,17.11
2673,17.19
2674,17.24
2675,17.21
2676,17.14
2677,17.11
2678,17.14
2679,17.13
2680,17.17
2681,17.08
2682,17.03
2683,17.01
2684,17.04
2685,17.09
2686,17.0
2687,16.96
2688,16.97
2689,17.05
2690,17.01
2691,16.95
2692,16.97
2693,16.97
2694,16.95
2695,16.92
2696,17.02
2697,17.03
2698,17.0
2699,17.0
2700,17.03
2701,17.03
2702,17.06
2703,16.99
2704,16.98
2705,16.97
2706,17.01
2707,17.04
2708,16.98
2709,16.98
2710,17.01
2711,17.03
2712,16.95
2713,16.97
2714,16.79
2715,16.85
2716,16.77
2717,16.71
2718,16.62
2719,16.62
2720,16.63
2721,16.64
2722,16.62
2723,16.59
2724,16.5
2725,16.43
2726,16.36
2727,16.28
2728,16.31
2729,16.37
2730,16.32
2731,16.31
2732,16.25
2733,16.3
2734,16.31
2735,16.24
2736,16.31
2737,16.39
2738,16.48
2739,16.51
2740,16.44
2741,16.41
2742,16.41
2743,16.5
2744,16.5
2745,16.49
2746,16.44
2747,16.44
2748,16.39
2749,16.34
2750,16.26
2751,16.27
2752,16.35
2753,16.15
2754,16.14
2755,16.16
2756,16.06
2757,16.04
2758,15.99
2759,16.03
2760,16.05
2761,16.08
2762,16.05
2763,16.11
2764,16.04
2765,16.06
2766,16.16
2767,16.2
2768,16.18
2769,16.25
2770,16.27
2771,16.19
2772,16.3
2773,16.29
2774,16.27
2775,16.21
2776,16.23
2777,16.19
2778,16.19
2779,16.26
2780,16.23
2781,16.29
2782,16.34
2783,16.36
2784,16.26
2785,16.19
2786,16.27
2787,16.36
2788,16.37
2789,16.28
2790,16.31
2791,16.39
2792,16.47
2793,16.45
2794,16.51
2795,16.53
2796,16.44
2797,16.38
2798,16.41
2799,16.47
2800,16.4
2801,16.43
2802,16.46
2803,16.5
2804,16.49
2805,16.48
2806,16.45
2807,16.46
2808,16.53
2809,16.52
2810,16.49
2811,16.38
2812,16.4
2813,16.3
2814,16.42
2815,16.41
2816,16.42
2817,16.51
2818,16.59
2819,16.62
2820,16.61
2821,16.61
2822,16.59
2823,16.7
2824,16.7
2825,16.73
2826,16.76
2827,16.74
2828,16.62
2829,16.55
2830,16.57
2831,16.56
2832,16.57
2833,16.58
2834,16.64
2835,16.68
2836,16.64
2837,16.5
2838,16.44
2839,16.41
2840,16.54
2841,16.55
2842,16.52
2843,16.51
2844,16.47
2845,16.5
2846,16.56
2847,16.56
2848,16.58
2849,16.61
2850,16.64
2851,16.53
2852,16.46
2853,16.61
2854,16.59
2855,16.66
2856,16.8
2857,16.8
2858,16.84
2859,16.84
2860,16.72
2861,16.71
2862,16.74
2863,16.68
2864,16.66
2865,16.67
2866,16.65
2867,16.72
2868,16.77
2869,16.68
2870,16.64
2871,16.67
2872,16.63
2873,16.7
2874,16.73
2875,16.71
2876,16.74
2877,16.78
2878,16.82
2879,16.74
2880,16.76
2881,16.79
2882,16.73
2883,16.76
2884,16.8
2885,16.86
2886,16.84
2887,16.73
2888,16.79
2889,16.76
2890,16.74
2891,16.71
2892,16.61
2893,16.63
2894,16.64
2895,16.52
2896,16.63
2897,16.66
2898,16.62
2899,16.67
2900,16.72
2901,16.65
2902,16.6
2903,16.55
2904,16.6
2905,16.62
2906,16.62
2907,16.59
2908,16.6
2909,16.56
2910,16.61
2911,16.64
2912,16.68
2913,16.7
2914,16.68
2915,16.67
2916,16.71
2917,16.71
2918,16.64
2919,16.64
2920,16.66
2921,16.57
2922,16.59
2923,16.54
2924,16.59
2925,16.61
2926,16.63
2927,16.67
2928,16.76
2929,16.78
2930,16.74
2931,16.8
2932,16.83
2933,16.73
2934,16.74
2935,16.72
2936,16.75
2937,16.76
2938,16.76
2939,16.84
2940,16.77
2941,16.74
2942,16.76
2943,16.59
2944,16.63
2945,16.53
2946,16.47
2947,16.45
2948,16.5
2949,16.44
2950,16.45
2951,16.52
2952,16.59
2953,16.52
2954,16.56
2955,16.46
2956,16.39
2957,16.37
2958,16.35
2959,16.32
2960,16.42
2961,16.37
2962,16.38
2963,16.39
2964,16.41
2965,16.43
2966,16.38
2967,16.32
2968,16.32
2969,16.35
2970,16.28
2971,16.26
2972,16.26
2973,16.19
2974,16.12
2975,16.2
2976,16.14
2977,16.14
2978,16.17
2979,16.17
2980,16.21
2981,16.17
2982,16.18
2983,16.17
2984,16.22
2985,16.21
2986,16.16
2987,16.2
2988,16.1
2989,16.21
2990,16.14
2991,16.17
2992,16.17
2993,16.19
2994,16.16
2995,16.2
2996,16.16
2997,16.23
2998,16.31
2999,16.29
